vocabulary,raw_value,records,placed_in
deployment,own_server,711,other
deployment,hosted_service,327,other
deployment,not_stated,73,other
deployment,other,1,other
formats,not_stated,5949,other
formats,web_page,5933,other
formats,ogc_map_service,5634,other
formats,other,3624,other
formats,transit_feed,3102,other
formats,plain_text,1139,other
formats,other_vector,559,other
formats,source_code,464,other
formats,cad_bim_3d,367,other
formats,domain_model_file,361,other
formats,analysis_package_file,333,other
formats,ivt,2,other
formats,crg,1,other
formats,xodr,1,other
interfaces,other,365,other
interfaces,web_app,316,other
interfaces,file_exchange,219,other
interfaces,command_line,197,other
interfaces,not_stated,76,other
language,c_cpp,366,other
language,not_stated,331,other
language,other,151,other
language,optimisation_language,82,other
language,agent_based_language,79,other
language,rust_go,45,other
language,dotnet,42,other
licence,政府資料開放授權條款-第1版,2941,other
licence,as linked on the portal listing (http://data.gov.hr/otvorena-dozvola),65,other
licence,Custom (Other),55,other
licence,OTL (as labelled on the portal),46,other
licence,CC-BY4.0,38,other
licence,Other,36,other
licence,Custom (Government Use),23,other
licence,"custom rights statement written on the portal listing (long text, see the linked page)",19,other
licence,custom_other,19,other
licence,custom_active_acceptance,15,other
licence,as linked on the portal listing (http://inspire.ec.europa.eu/metadata-codelist/LimitationsOnPublicAccess/noLimitations),13,other
licence,as linked on the portal listing (https://www.opendatalapalma.es/pages/avisolegal),12,other
licence,CC-BY2.1,11,other
licence,as linked on the portal listing (http://www.gobiernodecanarias.org/istac/aviso_legal.html),11,other
licence,as linked on the portal listing (https://www.ine.es/aviso_legal),11,other
licence,Custom (Active Acceptance),10,other
licence,IODL-2.0,10,other
licence,as linked on the portal listing (https://www.igme.es/condiciones-de-uso/),9,other
licence,as linked on the portal listing (https://www.zaragoza.es/sede/portal/aviso-legal#condiciones),9,other
licence,cc-nc-nd,9,other
licence,notspecified,9,other
licence,DL-Geoscape,8,other
licence,as linked on the portal listing (https://administraciodigital.gencat.cat/ca/dades/dades-obertes/informacio-practica/llicencies/),8,other
licence,dag-uy,8,other
licence,as linked on the portal listing (https://datos.gob.es/avisolegal),7,other
licence,as linked on the portal listing (http://geoh.conterra:8080/oai-pmh-geo-harvest/harvesters/),6,other
licence,as linked on the portal listing (https://datos.canarias.es/portal/aviso-legal-y-condiciones-de-uso),5,other
licence,as linked on the portal listing (https://governobert.gencat.cat/ca/dades_obertes/llicencia-oberta-informacio-catalunya/),5,other
licence,as linked on the portal listing (https://ide.depo.gal/web/idepo/aviso-legal),5,other
licence,as linked on the portal listing (https://opendatacommons.org/licenses/by/summary/),5,other
licence,as linked on the portal listing (https://w3id.org/italia/controlled-vocabulary/licences/A21_CCBY40),5,other
licence,as linked on the portal listing (https://www.icgc.cat/condicions),5,other
licence,Domaine public (https://en.wikipedia.org/wiki/Public_domain),4,other
licence,This dataset is public.,4,other
licence,This is available to the public.,4,other
licence,as linked on the portal listing (http://juntadeandalucia.es/informacion/legal.html),4,other
licence,as linked on the portal listing (http://opendata.villanuevadelaserena.es/terminos),4,other
licence,as linked on the portal listing (https://idechg.chguadalquivir.es/geochg/legal),4,other
licence,other-at,4,other
licence,other-pd,4,other
licence,Otvorena dozvola (OD),3,other
licence,as linked on the portal listing (https://datosabiertos.regiondemurcia.es/avisolegal),3,other
licence,"as linked on the portal listing (https://governobert.gencat.cat/ca/dades_obertes/llicencia-oberta-informacio-catalunya/), as linked on the portal listing (https://www.icgc.cat/condicions)",3,other
licence,as linked on the portal listing (https://opendata.alcoi.org/es/aviso-legal/),3,other
licence,as linked on the portal listing (https://opendefinition.org/od/2.1/en/),3,other
licence,as linked on the portal listing (https://www.kartverket.no/geodataarbeid/norge-digitalt/partsinformasjon/avtaler-og-vilkar/norge-digitalt-lisens),3,other
licence,Attribution 4.0 International,2,other
licence,No restrictions on public use.,2,other
licence,This dataset is for public use.,2,other
licence,as linked on the portal listing (http://creativecommons.org/publicdomain/mark/1.0/deed.nl),2,other
licence,as linked on the portal listing (http://datos.gob.es/?q=aviso-legal),2,other
licence,as linked on the portal listing (http://opendatacommons.org/licenses/by/summary/),2,other
licence,as linked on the portal listing (http://www.magrama.gob.es/es/atencion-al-ciudadano/aviso-legal.aspx),2,other
licence,as linked on the portal listing (https://data.cnmc.es/condiciones-de-uso),2,other
licence,as linked on the portal listing (https://datosabiertos.dip-badajoz.es/es/pages/reutiliza-es),2,other
licence,as linked on the portal listing (https://opendata.elhierro.es/terminos),2,other
licence,as linked on the portal listing (https://resources.geodata.se/codelist/metadata/anvandningsrestriktioner.xml#CCby4.0),2,other
licence,as linked on the portal listing (https://resources.geodata.se/codelist/metadata/anvandningsrestriktioner.xml#licensBehovs),2,other
licence,as linked on the portal listing (https://seu.portsdebalears.gob.es/seuapb/fitxa/7796/condicions-dades-obertes),2,other
licence,as linked on the portal listing (https://sg.geodatenzentrum.de/web_public/gdz/lizenz/geonutzv.pdf),2,other
licence,as linked on the portal listing (https://www.granollers.cat/avis-legal),2,other
licence,as linked on the portal listing (https://www.icane.es/footer/legal-advisory),2,other
licence,as linked on the portal listing (https://www.lgl-bw.de/agb/),2,other
licence,as linked on the portal listing (https://www.miteco.gob.es/es/atencion-al-ciudadano/aviso-legal.aspx),2,other
licence,as linked on the portal listing (https://www.porttarragona.cat/ca/autoritat-portuaria-tarragona/dades-obertes#condicions),2,other
licence,keine kommerzielle Nutzung,2,other
licence,Available March 2018,1,other
licence,BUSL-1.1,1,other
licence,Creative Commons (as noted in the site footer),1,other
licence,Creative Commons (as stated on the WRI data page),1,other
licence,ETSAP,1,other
licence,Internal use only,1,other
licence,King's Printer for Ontario,1,other
licence,NORA open access deposit,1,other
licence,No se especificó la licencia,1,other
licence,None. This dataset is approved for public distribution. Personally identifiable applicant contact information from the source Adopt-A-Highway database is removed during processing.,1,other
licence,OPENACCESS,1,other
licence,OTHER,1,other
licence,OTL (shown on the routes dataset),1,other
licence,Other (as listed on HDX),1,other
licence,Otra (Abierta),1,other
licence,Outra (Aberta),1,other
licence,Private,1,other
licence,Restrictive (as given on the wiki page),1,other
licence,Se conformer aux recommandations du producteur,1,other
licence,This application is available to the public.,1,other
licence,U-AInSPECT Project,1,other
licence,U.S. Government Purpose Release,1,other
licence,Users should be aware that the IENCs reflect best available information at the time the data was collected. These data products are subject to change.,1,other
licence,as linked on the portal listing (http://adelie.application.developpement-durable.gouv.fr/condition.do?convention=diffusion_public),1,other
licence,as linked on the portal listing (http://data.europa.eu/88u/.well-known/genid/81d5ed4e02f41ecc6cbd4ee682dbd152),1,other
licence,"as linked on the portal listing (http://data.europa.eu/88u/.well-known/genid/89de35009625f923e446f920227679cd), as linked on the portal listing (http://data.europa.eu/88u/.well-known/genid/cd0825b5108df74261cc609cf4e8604e)",1,other
licence,"as linked on the portal listing (http://data.europa.eu/88u/.well-known/genid/945052102d03ac0ef0c1bdc74130b308), as linked on the portal listing (http://data.europa.eu/88u/.well-known/genid/0c01c11f941ca549329aed4c1778d5f0)",1,other
licence,as linked on the portal listing (http://data.europa.eu/88u/.well-known/genid/a53c34baec8e6153dcbbde27a2c7e2ec),1,other
licence,as linked on the portal listing (http://data.gov.be/.well-known/genid/63236b7128d642e2a86d55d8b03caaf52-54021D28A9A813B1DB417201A5DA890F),1,other
licence,as linked on the portal listing (http://data.gov.be/.well-known/genid/63236b7128d642e2a86d55d8b03caaf55-4F0950288003A114B44F086155D85AA8),1,other
licence,as linked on the portal listing (http://datosabiertos.regiondemurcia.es/avisolegal),1,other
licence,as linked on the portal listing (http://geoh.conterra:8080/oai-pmh-geo-harvest/harvesters/www.denkmalpflege-bw.de),1,other
licence,as linked on the portal listing (http://inspire.ec.europa.eu/metadata-codelist/LimitationsOnPublicAccess/INSPIRE_Directive_Article13_1d),1,other
licence,as linked on the portal listing (http://opingogn.is/pages/notkunarleidbeiningar),1,other
licence,as linked on the portal listing (http://www.aemet.es/es/nota_legal),1,other
licence,as linked on the portal listing (http://www.mapama.gob.es/es/atencion-al-ciudadano/aviso-legal.aspx),1,other
licence,as linked on the portal listing (http://www.puertogijon.es/index.asp?MP=27&MS=0&MN=1&TR=C&IDR=417),1,other
licence,"as linked on the portal listing (https://administraciodigital.gencat.cat/ca/dades/dades-obertes/informacio-practica/llicencies/), as linked on the portal listing (http://governobert.gencat.cat/ca/dades_obertes/llicencia-oberta-informacio-catalunya/)",1,other
licence,"as linked on the portal listing (https://administraciodigital.gencat.cat/ca/dades/dades-obertes/informacio-practica/llicencies/), as linked on the portal listing (https://web.gencat.cat/ca/generalitat/dades-indicadors/dades-obertes/llicencies)",1,other
licence,"as linked on the portal listing (https://data.cnmc.es/condiciones-de-uso), as linked on the portal listing (http://data.cnmc.es/datagraph/jsp/nota-legal.jsp)",1,other
licence,"as linked on the portal listing (https://data.gov.cz/zdroj/datové-sady/00003352/1467541327/distribuce/fabd2ebb9953735415a0b445798cf7c8/podmínky-užití), as linked on the portal listing (https://data.gov.cz/zdroj/datové-sady/00003352/1467540066/distribuce/2488782e00bcb84e652e7dd000078e02/podmínky-užití), as linked on the portal listing (https://data.gov.cz/zdroj/datové-sady/00003352/1467546079/distribuce/6cc47cf2568b173461122da6227ba152/podmínky-užití)",1,other
licence,"as linked on the portal listing (https://data.gov.cz/zdroj/datové-sady/00006947/17e5105150367f71c6448c65998d9c13/distribuce/6e76a7580a3c6ae0c9a209bb2af58a06/podmínky-užití), as linked on the portal listing (https://data.gov.cz/zdroj/datové-sady/00006947/2b9e41b24bbcd49bc692642fea328d9f/distribuce/0a9fbc7710c94c0a1c5dbc4c76a00e96/podmínky-užití), as linked on the portal listing (https://data.gov.cz/zdroj/datové-sady/00006947/ea6c2914bfc3ebfa41a708b67ba00fc9/distribuce/616924e837b281e5f6bf0ecae04b4f2a/podmínky-užití)",1,other
licence,"as linked on the portal listing (https://data.gov.cz/zdroj/datové-sady/00006947/471129ecc20674522bc62a109ae2187e/distribuce/062b8bd8e38cea769aae710f3613c172/podmínky-užití), as linked on the portal listing (https://data.gov.cz/zdroj/datové-sady/00006947/5540dfe83a7854cf15395ef38639374e/distribuce/941e8bfd4af817a290b10d519d7b3696/podmínky-užití), as linked on the portal listing (https://data.gov.cz/zdroj/datové-sady/00006947/858ffa941db0abda6fc40e68739452e3/distribuce/96bc2c088ef17613978fe925ebd76348/podmínky-užití)",1,other
licence,as linked on the portal listing (https://data.gov.cz/zdroj/datové-sady/00006947/86d71dd7220d91a6428a2ca26ce3602b/distribuce/f7dff0436a697de6c66f648a57bb6d89/podmínky-užití),1,other
licence,as linked on the portal listing (https://data.gov.cz/zdroj/datové-sady/00007064/98442/distribuce/b72bf3285e37d434ce4a3316d5d6a597/podmínky-užití),1,other
licence,"as linked on the portal listing (https://data.gov.cz/zdroj/datové-sady/00020478/373a2d65e166ee1e30a599f6604af022/distribuce/e7c21581863e8623f3ad3c68574f23b6/podmínky-užití), as linked on the portal listing (https://data.gov.cz/zdroj/datové-sady/00020478/b364ebf42dc8db1048d0037fdf844e7b/distribuce/26b822c0bdf8d13db6d1de3e46736c95/podmínky-užití), as linked on the portal listing (https://data.gov.cz/zdroj/datové-sady/00020478/14ae0e97eb9a6f9de72957440a031758/distribuce/a31e487c81cada4eda602e05866b2b47/podmínky-užití)",1,other
licence,"as linked on the portal listing (https://data.gov.cz/zdroj/datové-sady/00020478/5bc201cfaeb94e49eabbc18df2e14677/distribuce/3dc9bbfa28e2fcf604ceeb400d3ce89d/podmínky-užití), as linked on the portal listing (https://data.gov.cz/zdroj/datové-sady/00020478/e250b943c7a19487974381d408584d21/distribuce/e862035bcf9cdd027903c9e264130cce/podmínky-užití), as linked on the portal listing (https://data.gov.cz/zdroj/datové-sady/00020478/d41252e2141f70a767348be363c952e7/distribuce/5e6c6d0d9867ed7d693d33c9e4cb2f09/podmínky-užití)",1,other
licence,as linked on the portal listing (https://data.gov.cz/zdroj/datové-sady/00020478/cb778e63831a70a31eebb0f9fb7fca41/distribuce/bf6f3ef02cc2b65477f31ae7bbe20da0/podmínky-užití),1,other
licence,"as linked on the portal listing (https://data.gov.cz/zdroj/datové-sady/00020699/819662ae2e51123f936bd2f2ddf267cf/distribuce/2e68a8860bbfdb37f7d60301c123e662/podmínky-užití), as linked on the portal listing (https://data.gov.cz/zdroj/datové-sady/00020699/501721083afbc1448f5c22c38ee23e80/distribuce/6566825ddf69e3d6cdee4187516f8cb4/podmínky-užití), as linked on the portal listing (https://data.gov.cz/zdroj/datové-sady/00020699/be56a5c472d98190066fa312942bb0eb/distribuce/4faf795acb1c0e3aea174a378cf919db/podmínky-užití)",1,other
licence,"as linked on the portal listing (https://data.gov.cz/zdroj/datové-sady/00020699/98872ef8731713af62b83d453f425d06/distribuce/fcb58dfe33962f916fb21efd19607967/podmínky-užití), as linked on the portal listing (https://data.gov.cz/zdroj/datové-sady/00020699/9b596d03dd10af94988212afbb552efc/distribuce/89932ac432d4989722a96510d5ccc77a/podmínky-užití), as linked on the portal listing (https://data.gov.cz/zdroj/datové-sady/00020699/c9ca577ef3cde76e1dae847633127bd6/distribuce/16278d996f2476df6def6e295ad25515/podmínky-užití)",1,other
licence,"as linked on the portal listing (https://data.gov.cz/zdroj/datové-sady/00020699/9b83ff253ddd0b699ee23f1ac2c0be3f/distribuce/b50ff87dd560763d636c845d61f343b4/podmínky-užití), as linked on the portal listing (https://data.gov.cz/zdroj/datové-sady/00020699/4f414d6880682416a9c33a04f3f25b02/distribuce/eb7d4c4b997553c812ae0dbfe9f8a90f/podmínky-užití), as linked on the portal listing (https://data.gov.cz/zdroj/datové-sady/00020699/524c419af2f37f3ed240cf2e51126450/distribuce/f0a03938eeb2b19c63eaa1b08f7ec9ac/podmínky-užití)",1,other
licence,as linked on the portal listing (https://data.gov.cz/zdroj/datové-sady/00020711/44df80c89b568d03def2ab953ceb023d/distribuce/5fa4a1d39831e56559f4d576525b8072/podmínky-užití),1,other
licence,"as linked on the portal listing (https://data.gov.cz/zdroj/datové-sady/00020711/645c19635fce959059d27a8f6c784bce/distribuce/8998b63ec2b499dcf033de0dbc095b8e/podmínky-užití), as linked on the portal listing (https://data.gov.cz/zdroj/datové-sady/00020711/4b1accb2671ee1daa176914efe7678a3/distribuce/d4113148fff149a18d5d0bf72d2ea0a3/podmínky-užití), as linked on the portal listing (https://data.gov.cz/zdroj/datové-sady/00020711/29a28ed79368c6ce87a0b5bfef453c59/distribuce/ac8d68499b8cd0254eb2b9326853ccc1/podmínky-užití)",1,other
licence,as linked on the portal listing (https://data.gov.cz/zdroj/datové-sady/00024341/1f43e925279ada069c036a1f0f95478d/distribuce/a857979201e7b34660cec4fe23de16dd/podmínky-užití),1,other
licence,as linked on the portal listing (https://data.gov.cz/zdroj/datové-sady/00025593/0e8668552e05bff1045273e948519b1c/distribuce/9be561e44c2ec5dd38e9a2b9e760645a/podmínky-užití),1,other
licence,as linked on the portal listing (https://data.gov.cz/zdroj/datové-sady/00025593/17f49a0a88004d68063b1caa2ad8bae4/distribuce/540b2854d8c9dd362c141e06c92ff111/podmínky-užití),1,other
licence,"as linked on the portal listing (https://data.gov.cz/zdroj/datové-sady/00025593/393afa2cb0256334a5c2e975d83f9e0f/distribuce/605b334b9949f1894aadda34288ba00c/podmínky-užití), as linked on the portal listing (https://data.gov.cz/zdroj/datové-sady/00025593/b772c405df08bac8d5bb48dfc1af22ef/distribuce/118f4eaa9499639ee3f89570ce6e61d8/podmínky-užití), as linked on the portal listing (https://data.gov.cz/zdroj/datové-sady/00025593/1b8bcaed7e56dbc25484bc6130b00e1d/distribuce/971ff5570b73f7557a0053213a3cb1e2/podmínky-užití)",1,other
licence,as linked on the portal listing (https://data.gov.cz/zdroj/datové-sady/00025593/66a01ddae70ccd0809134744c60ce3f8/distribuce/7ca694c894256d3c050d06694ab9fc4a/podmínky-užití),1,other
licence,as linked on the portal listing (https://data.gov.cz/zdroj/datové-sady/00025593/9e3ea11a727beec9039cd49c61a9b324/distribuce/0b7bc5585ceb6c5061d82418346a7b1f/podmínky-užití),1,other
licence,as linked on the portal listing (https://data.gov.cz/zdroj/datové-sady/00025593/b5805a0aa7cb30ca5c0a43a20b397c15/distribuce/47d0cc4bbd5cbdf96d6dcd0f3139ee1e/podmínky-užití),1,other
licence,"as linked on the portal listing (https://data.gov.cz/zdroj/datové-sady/00025593/c08bb75be3900034e138266ffa44d964/distribuce/7e0908727a6bbd467f7521008745f91a/podmínky-užití), as linked on the portal listing (https://data.gov.cz/zdroj/datové-sady/00025593/4a1a63810638ce66e67735be8836d52c/distribuce/a0d54d653136386a9c03924d3aa0b2e3/podmínky-užití), as linked on the portal listing (https://data.gov.cz/zdroj/datové-sady/00025593/13004c2da2cb994b5090f6764f16fc71/distribuce/5b4bea669956dadf78c3f0f846179ac0/podmínky-užití)",1,other
licence,"as linked on the portal listing (https://data.gov.cz/zdroj/datové-sady/00025712/7956d1508528e7350c421dc4a5d7a831/distribuce/1405cd3c0d19ba3c5970981b3e8e3445/podmínky-užití), as linked on the portal listing (https://data.gov.cz/zdroj/datové-sady/00025712/766ce20dec77c763b5de49b4d442af22/distribuce/085c8892670af2ff67c7817b565d0118/podmínky-užití), as linked on the portal listing (https://data.gov.cz/zdroj/datové-sady/00025712/281421718b2828ac4f99a8cd75132655/distribuce/b5b8c64387ee7c8f6a323e5894e8e08d/podmínky-užití)",1,other
licence,"as linked on the portal listing (https://data.gov.cz/zdroj/datové-sady/00025712/efa9396b2cbf78d05baad5167c76e326/distribuce/89c222ab41a6b12e3482dbf35b17e2ad/podmínky-užití), as linked on the portal listing (https://data.gov.cz/zdroj/datové-sady/00025712/f46ada3491a6bb5a14e0249998783b8d/distribuce/19bb8198e636e2b0c0a17df7b882e1fd/podmínky-užití), as linked on the portal listing (https://data.gov.cz/zdroj/datové-sady/00025712/e8fe63da672cd776c9cf3bf2ba25e727/distribuce/c0e1d244b92647c9ba3c897f5f36ee4b/podmínky-užití)",1,other
licence,as linked on the portal listing (https://data.gov.cz/zdroj/datové-sady/00025798/93fe704de97b37be797cdf531f602ed2/distribuce/582e7ca921ff466f300eac0d12ee160c/podmínky-užití),1,other
licence,as linked on the portal listing (https://data.gov.cz/zdroj/datové-sady/00025798/d5b5b634ca6f7480c971ed82d6696b48/distribuce/08912492e0cb8ee20d9fdb404d1f0278/podmínky-užití),1,other
licence,"as linked on the portal listing (https://data.gov.cz/zdroj/datové-sady/00075370/05cd91577a4b867c5ec9281d96d2e83f/distribuce/fccaf9bf6b05afc693666ffbc87730a6/podmínky-užití), as linked on the portal listing (https://data.gov.cz/zdroj/datové-sady/00075370/18cfeafd5a854f63cce3dd80576ea577/distribuce/939e51e054fc29c57460113479a8d83b/podmínky-užití), as linked on the portal listing (https://data.gov.cz/zdroj/datové-sady/00075370/915b65834d4a3aef22debc113018f2b4/distribuce/5ea6500e79564c3f3ff88332a22748e1/podmínky-užití)",1,other
licence,as linked on the portal listing (https://data.gov.cz/zdroj/datové-sady/00075370/110678eccfe5166d1ecac0162480dfa0/distribuce/36b725e5a4d8ef5df3bf97fca0ecc5f9/podmínky-užití),1,other
licence,as linked on the portal listing (https://data.gov.cz/zdroj/datové-sady/00075370/67d0584e6d4fc640975718d83f1314fc/distribuce/d55d451e09b78d0533724b46989aaf5b/podmínky-užití),1,other
licence,as linked on the portal listing (https://data.gov.cz/zdroj/datové-sady/00075370/88ee74ab289e4ecec9fdc2f8fd37ee85/distribuce/14494b0f324ddb4aac4004b533c1e772/podmínky-užití),1,other
licence,as linked on the portal listing (https://data.gov.cz/zdroj/datové-sady/00075370/aa9440be1d10513128f18de89cd28391/distribuce/5211f413160aae53d6926967e47c3c74/podmínky-užití),1,other
licence,as linked on the portal listing (https://data.gov.cz/zdroj/datové-sady/00075370/cd09094e555d203b3ae11ba658f38baa/distribuce/fa361ba46a92d8820d7b6c6ecf21e5c3/podmínky-užití),1,other
licence,"as linked on the portal listing (https://data.gov.cz/zdroj/datové-sady/00075370/e43c0b20c1a573a83d368e3e2098b1a0/distribuce/a312f2bfa11c61576bbb66f1d9ba8f27/podmínky-užití), as linked on the portal listing (https://data.gov.cz/zdroj/datové-sady/00075370/90efd238a53653872762fa4cd2f1db20/distribuce/7c4c03e1d07a14f39923e7e6dcd9938a/podmínky-užití), as linked on the portal listing (https://data.gov.cz/zdroj/datové-sady/00075370/669396148f94af7ffaca8d642856c07d/distribuce/1649b9ce7b2bec145f78576d405addf8/podmínky-užití)",1,other
licence,as linked on the portal listing (https://data.gov.cz/zdroj/datové-sady/00075370/fe9f4154c8573c1c8a457ecbc0f7542b/distribuce/a7a608f5c2cb85b86971f43fdafa4395/podmínky-užití),1,other
licence,as linked on the portal listing (https://data.gov.cz/zdroj/datové-sady/00164801/0ee8cde8f20b4dc1a5b3e5c01e9b0b8f/distribuce/a010acad36ed25e71be4dfb4746d7bd1/podmínky-užití),1,other
licence,"as linked on the portal listing (https://data.gov.cz/zdroj/datové-sady/00164801/532bca6c020f5d4aa317dca9f6bab985/distribuce/118fb1347368f5da36cb7b96948cd6f9/podmínky-užití), as linked on the portal listing (https://data.gov.cz/zdroj/datové-sady/00164801/178f3321c1dcfe2ffef4ec8e68a9415c/distribuce/fab6b836d4e07ba02b9daec06bc73a72/podmínky-užití), as linked on the portal listing (https://data.gov.cz/zdroj/datové-sady/00164801/200ced426d8104b459dca99f2715732a/distribuce/b0425ca6e8aa7e2dd352bc60a6495255/podmínky-užití)",1,other
licence,as linked on the portal listing (https://data.gov.cz/zdroj/datové-sady/00164801/84d9acd57406857e78ab1dd5a334745b/distribuce/aca44b3dd0f7793f303ee3db1ddbe7fb/podmínky-užití),1,other
licence,as linked on the portal listing (https://data.gov.cz/zdroj/datové-sady/00164801/b12daed837172fa07a4cda0a25c54fa5/distribuce/8d8e93f6199f1e4648bebfe844ab85ba/podmínky-užití),1,other
licence,"as linked on the portal listing (https://data.gov.cz/zdroj/datové-sady/00164801/fe4a204f1a61ff31e21dcbdc430e54e3/distribuce/5199eff4c2d550841149e21f1e2ef482/podmínky-užití), as linked on the portal listing (https://data.gov.cz/zdroj/datové-sady/00164801/1cd816d2d87f4289249143ee25881a12/distribuce/ec57c918e1ec797079cc52d242604875/podmínky-užití), as linked on the portal listing (https://data.gov.cz/zdroj/datové-sady/00164801/9886e5478f5915240969aa0eaa15baed/distribuce/270570ac5fc75347c019895eb699a5bd/podmínky-užití)",1,other
licence,as linked on the portal listing (https://data.gov.cz/zdroj/datové-sady/00231151/73e855ea1d81b87ac451b423bc480afc/distribuce/4b794ef49ab6cdd6515d6b16dcfa65ba/podmínky-užití),1,other
licence,as linked on the portal listing (https://data.gov.cz/zdroj/datové-sady/00261238/2d719f3f521cc95670084d5f8d347289/distribuce/a556c099abf5dfd404a721762a598447/podmínky-užití),1,other
licence,as linked on the portal listing (https://data.gov.cz/zdroj/datové-sady/00261238/58b5642c63818c1ef22b0a25b8c1535d/distribuce/ef085b4173facea43c3ca2b8a5ed4191/podmínky-užití),1,other
licence,"as linked on the portal listing (https://data.gov.cz/zdroj/datové-sady/00266094/834b71047b347599294f8fa168be8b3e/distribuce/54ebf54309935131f2f925882f17428d/podmínky-užití), as linked on the portal listing (https://data.gov.cz/zdroj/datové-sady/00266094/cb8e0f38c291f06df142f82d004c9c0e/distribuce/960e945558665cd3f3e8df0f2995ae06/podmínky-užití), as linked on the portal listing (https://data.gov.cz/zdroj/datové-sady/00266094/265e5d4e56331b38098232d00d7e0842/distribuce/173366fcb68ec7c3c270923a4fccf03e/podmínky-užití)",1,other
licence,as linked on the portal listing (https://data.gov.cz/zdroj/datové-sady/00266094/b3620750d5d5d61a81b28fef788e8655/distribuce/12ab9854ce2e3004171cdeaf6515c062/podmínky-užití),1,other
licence,as linked on the portal listing (https://data.gov.cz/zdroj/datové-sady/00266094/d1d2918299ad3c906f31caed3faffdbd/distribuce/550d0a278df883f564ba8265f484b31f/podmínky-užití),1,other
licence,as linked on the portal listing (https://data.gov.cz/zdroj/datové-sady/00266094/de4ba6a0ef4db1d074a9d719a45332a0/distribuce/aea0f84ad30fe8add8f5ad8e80ab6d3a/podmínky-užití),1,other
licence,"as linked on the portal listing (https://data.gov.cz/zdroj/datové-sady/00266094/f433402cf6413cf59e77f4a2a5ed56da/distribuce/6bf99af57b6393e230e14e2dedc09069/podmínky-užití), as linked on the portal listing (https://data.gov.cz/zdroj/datové-sady/00266094/cc18af56dbfab9b259bb88f149a275ee/distribuce/18ef13d258c07c801a06725d81e24264/podmínky-užití), as linked on the portal listing (https://data.gov.cz/zdroj/datové-sady/00266094/4b5e59e6d806cd093dca700daefc13bc/distribuce/fd316e5c4670f0437a734511a0f52e65/podmínky-užití)",1,other
licence,"as linked on the portal listing (https://data.gov.cz/zdroj/datové-sady/00286010/46ebdf6ed0b1bc6b5cc62075e476b55c/distribuce/57a96bed8238e78ce56b4cb87d387eef/podmínky-užití), as linked on the portal listing (https://data.gov.cz/zdroj/datové-sady/00286010/e639a76bd86c19790bbf67bfa4547cb0/distribuce/fe7febe2714595338bf1c83efba5db60/podmínky-užití), as linked on the portal listing (https://data.gov.cz/zdroj/datové-sady/00286010/36405d9cd645b4bf6ecb798bc31523a2/distribuce/21fe7a48a318df31e2afe5bf89a31f38/podmínky-užití)",1,other
licence,as linked on the portal listing (https://data.gov.cz/zdroj/datové-sady/00286010/88cb8fa85003d3451a7bb23e8e192355/distribuce/748b4b609a830352507a981cbd89b86f/podmínky-užití),1,other
licence,as linked on the portal listing (https://data.gov.cz/zdroj/datové-sady/00286010/e20f2e099370e48ab31282898e8ad134/distribuce/d6b2d1d004b48bd24b4b62a234d64623/podmínky-užití),1,other
licence,as linked on the portal listing (https://data.gov.cz/zdroj/datové-sady/00297569/3386358/distribuce/98d863604cb697fc4cf12cf295493d91/podmínky-užití),1,other
licence,"as linked on the portal listing (https://data.gov.cz/zdroj/datové-sady/00845451/62f4a9929541e06cd1d4ce2bee9c53cf/distribuce/5e3ccfce9438baec49072e8a9f80be53/podmínky-užití), as linked on the portal listing (https://data.gov.cz/zdroj/datové-sady/00845451/54c06727152b2af5012a5aad17a061c8/distribuce/752bccab9e2d116700f6609b939bfd03/podmínky-užití), as linked on the portal listing (https://data.gov.cz/zdroj/datové-sady/00845451/ec7d5cd3e27edb284cee62ac593473d1/distribuce/7864aba45f274c8d2d65b4babd2d6608/podmínky-užití)",1,other
licence,"as linked on the portal listing (https://data.gov.cz/zdroj/datové-sady/00845451/648a6ab259ed69305334475cc742bef1/distribuce/b5091339ed5675600fe6415d5f75d79a/podmínky-užití), as linked on the portal listing (https://data.gov.cz/zdroj/datové-sady/00845451/2fc31be622f07a30a7eda1dd9540cd32/distribuce/3e0af243c0f680a49be0d9b3ff002381/podmínky-užití), as linked on the portal listing (https://data.gov.cz/zdroj/datové-sady/00845451/451bc91949c020803e9908c5e2df815a/distribuce/4d3a1aabc6c68fcacd2d7960b1af812c/podmínky-užití)",1,other
licence,as linked on the portal listing (https://data.gov.cz/zdroj/datové-sady/00845451/a6d69626bceefb9c2089445e2034ccc4/distribuce/fbcf6de8ac866f90f60653d308afe584/podmínky-užití),1,other
licence,as linked on the portal listing (https://data.gov.cz/zdroj/datové-sady/00845451/d861c268589f220f99631f14ce1c6c03/distribuce/f8e2b377e26aba370cd0461b08ae3501/podmínky-užití),1,other
licence,"as linked on the portal listing (https://data.gov.cz/zdroj/datové-sady/01312774/1012423364/distribuce/76c9566d968044d6fe4bd021a870f173/podmínky-užití), as linked on the portal listing (https://data.gov.cz/zdroj/datové-sady/01312774/1012455745/distribuce/216265a0796e5d69a5a60a54fd3e4434/podmínky-užití), as linked on the portal listing (https://data.gov.cz/zdroj/datové-sady/01312774/1012456012/distribuce/8e678ce4d0c70872c9825ac5fb127a18/podmínky-užití)",1,other
licence,as linked on the portal listing (https://data.gov.cz/zdroj/datové-sady/02795281/aa0b890bebd82460f6dde1d21a0dcb45/distribuce/b77875b9586cd8a509b2c46ba2e8dcd7/podmínky-užití),1,other
licence,as linked on the portal listing (https://data.gov.cz/zdroj/datové-sady/02795281/b1c05f312aa267592ae32d785002529f/distribuce/21ac28177024a5bebde0d6ee6e0ff361/podmínky-užití),1,other
licence,as linked on the portal listing (https://data.gov.cz/zdroj/datové-sady/17651921/15d7eb43074e8821080aa849344084c2/distribuce/dbda014af4a1e3e65e36c33ba2de9fdd/podmínky-užití),1,other
licence,as linked on the portal listing (https://data.gov.cz/zdroj/datové-sady/17651921/911a0faf12d4a02726dad49b3423cab8/distribuce/f593ed0c8e2000c516e9939e4ae9b22a/podmínky-užití),1,other
licence,as linked on the portal listing (https://data.gov.cz/zdroj/datové-sady/17651921/9c5d32dc5824837f2175d43fba8d688b/distribuce/9e5b57e1d1a6098a236913bc23190de9/podmínky-užití),1,other
licence,as linked on the portal listing (https://data.gov.cz/zdroj/datové-sady/17651921/c6f0f3d722fc4e66013e30806d50f1e2/distribuce/ddd938374e157919852ff1ed804115f3/podmínky-užití),1,other
licence,as linked on the portal listing (https://data.gov.cz/zdroj/datové-sady/17651921/cec9281bffa89e89df25ded92941df62/distribuce/e870382b07b59fab60b26d3b84c224f5/podmínky-užití),1,other
licence,as linked on the portal listing (https://data.gov.cz/zdroj/datové-sady/17651921/d049c59995cd9ecbdd5a529cbe7b0988/distribuce/24c43e9b5f16f791496d2b6aa4982808/podmínky-užití),1,other
licence,as linked on the portal listing (https://data.gov.cz/zdroj/datové-sady/25656635/2d60e233a11b8d38a3fd97107e151b2f/distribuce/cddae237e72d40bbb82d26958475eece/podmínky-užití),1,other
licence,as linked on the portal listing (https://data.gov.cz/zdroj/datové-sady/44992785/0d6f1518d017cc26385f1f9c4bc36342/distribuce/adf23f5c1db2a5df4a6b6107d8f537fd/podmínky-užití),1,other
licence,as linked on the portal listing (https://data.gov.cz/zdroj/datové-sady/44992785/11a5534404705afaf48faf3c64217ed6/distribuce/ecd5c97bcc413ebc11ff936a94e2fb22/podmínky-užití),1,other
licence,as linked on the portal listing (https://data.gov.cz/zdroj/datové-sady/44992785/684e1752b88146365775fba89408e191/distribuce/b4b8cdae469c9428a92d33c894bec2c2/podmínky-užití),1,other
licence,"as linked on the portal listing (https://data.gov.cz/zdroj/datové-sady/44992785/a76b600bb6ec96ecf35262c4f8b3e237/distribuce/f83907f145ada35f81f9f28601883360/podmínky-užití), as linked on the portal listing (https://data.gov.cz/zdroj/datové-sady/44992785/cad950e439ae83e95c7c614a79cd1dce/distribuce/17ddc3dc04b4ab17882fba8221916546/podmínky-užití), as linked on the portal listing (https://data.gov.cz/zdroj/datové-sady/44992785/164662ee36643dcf6dd72e1ecb2e4eae/distribuce/28ff3d3d7868fcdfbb08b47f9b7c6c7b/podmínky-užití)",1,other
licence,"as linked on the portal listing (https://data.gov.cz/zdroj/datové-sady/44992785/af97ea2dc1809cca2b9fee617cebaacb/distribuce/b19233ff2f734ac9a79f8256e95cd1e5/podmínky-užití), as linked on the portal listing (https://data.gov.cz/zdroj/datové-sady/44992785/1951a9f50a66d381d1fd380e25d5e381/distribuce/34b60bcf52534c677f525ca492fca170/podmínky-užití), as linked on the portal listing (https://data.gov.cz/zdroj/datové-sady/44992785/a0f91e291e42038c6d598fe2738222b6/distribuce/397cc5ab04a62d2dee975dbcc3ab3874/podmínky-užití)",1,other
licence,as linked on the portal listing (https://data.gov.cz/zdroj/datové-sady/44992785/f3a3e419a7d4af3123ecee9eb7aa404b/distribuce/a14afc0b7483b8e3422c9e6f9aaeb86e/podmínky-užití),1,other
licence,as linked on the portal listing (https://data.gov.cz/zdroj/datové-sady/45249130/006f5397bc56f8f83b65ed5c5a489e4d/distribuce/89e881b4ee9daaf8879cf6b5d65dfaca/podmínky-užití),1,other
licence,as linked on the portal listing (https://data.gov.cz/zdroj/datové-sady/45249130/355a87a6fa0d4e2084c8faad77948452/distribuce/95a3129fc6db03b80d1e1f17f4c977f0/podmínky-užití),1,other
licence,as linked on the portal listing (https://data.gov.cz/zdroj/datové-sady/45249130/86b5332110f9bb78088cf35de4f8b453/distribuce/0ae5539496b24f4f8303d9d738c6c752/podmínky-užití),1,other
licence,as linked on the portal listing (https://data.gov.cz/zdroj/datové-sady/45249130/ad8d588563195f7e43e339dc995e50e2/distribuce/6281cd56e4c682ebd81f53bd504e7f89/podmínky-užití),1,other
licence,as linked on the portal listing (https://data.gov.cz/zdroj/datové-sady/47609109/1771101940/distribuce/53f4b322415aa38a5eb43fefe476a1a6/podmínky-užití),1,other
licence,as linked on the portal listing (https://data.gov.cz/zdroj/datové-sady/49370227/945151918/distribuce/2488bbd4235bda3bde4b5fafad0744d7/podmínky-užití),1,other
licence,as linked on the portal listing (https://data.gov.cz/zdroj/datové-sady/49370227/945152271/distribuce/65737af8c3c87602cf68b1d18683d0f6/podmínky-užití),1,other
licence,as linked on the portal listing (https://data.gov.cz/zdroj/datové-sady/60437359/b1cfab140bb42c068906fd5364113110/distribuce/d8243eaaacc6be75e3d88522aaec805b/podmínky-užití),1,other
licence,"as linked on the portal listing (https://data.gov.cz/zdroj/datové-sady/60609460/2f45d1af07f3b3b6b2ecb3cc7e28855b/distribuce/c9787fa0f13393fc7ef5d8816c9724d0/podmínky-užití), as linked on the portal listing (https://data.gov.cz/zdroj/datové-sady/60609460/bc5b2ae368e826f00c09c01d6a58e0a7/distribuce/4835308c43da4860fb51d799bd4198fc/podmínky-užití), as linked on the portal listing (https://data.gov.cz/zdroj/datové-sady/60609460/0ea41e25d44f6080618224ce0af84517/distribuce/8adbdd64369d6d244de1064d2eee1d16/podmínky-užití)",1,other
licence,as linked on the portal listing (https://data.gov.cz/zdroj/datové-sady/60609460/6ec86124435784f0b310e18599832e6d/distribuce/c608517c6b71098c21815afc50b51669/podmínky-užití),1,other
licence,as linked on the portal listing (https://data.gov.cz/zdroj/datové-sady/60609460/f0a4cb88d6b6f524c4d76e18d4d641bd/distribuce/b007cde5d9735b5719290ca757ac0019/podmínky-užití),1,other
licence,as linked on the portal listing (https://data.gov.cz/zdroj/datové-sady/65993390/1087749998/distribuce/00fb1ff96754614aafa24ec5e2f68bea/podmínky-užití),1,other
licence,as linked on the portal listing (https://data.gov.cz/zdroj/datové-sady/66002222/f1be027eec446444e212951247d954a6/distribuce/a4bbb9c3e20036302770dadf0571b2a6/podmínky-užití),1,other
licence,"as linked on the portal listing (https://data.gov.cz/zdroj/datové-sady/66003008/1224193761/distribuce/7d3d969131ea46102c7dff7440fdb94f/podmínky-užití), as linked on the portal listing (https://data.gov.cz/zdroj/datové-sady/66003008/701563102/distribuce/637b6cddeb3582d314c0155c8f97c179/podmínky-užití), as linked on the portal listing (https://data.gov.cz/zdroj/datové-sady/66003008/701562974/distribuce/50ad252b2ea4ed175c5aaae6cf7243db/podmínky-užití)",1,other
licence,"as linked on the portal listing (https://data.gov.cz/zdroj/datové-sady/66003008/1463646434/distribuce/9562558aa9e8103dff8810060d315661/podmínky-užití), as linked on the portal listing (https://data.gov.cz/zdroj/datové-sady/66003008/1463646398/distribuce/c2093d9c7946147e718b1b7b3207f42b/podmínky-užití), as linked on the portal listing (https://data.gov.cz/zdroj/datové-sady/66003008/1224193757/distribuce/4fee330f66e73568211a0d37290ea987/podmínky-užití)",1,other
licence,as linked on the portal listing (https://data.gov.cz/zdroj/datové-sady/70106975/42d1bdd90436d3cb1c1a2289608f2537/distribuce/6bfb66450d2474b99506ba1afbdd5393/podmínky-užití),1,other
licence,"as linked on the portal listing (https://data.gov.cz/zdroj/datové-sady/70106975/530c60fd7322cdcd72704fa30405b237/distribuce/3bb9d35053ee780b95e74227fd9a4508/podmínky-užití), as linked on the portal listing (https://data.gov.cz/zdroj/datové-sady/70106975/06c671977881b5eba75b204216025c50/distribuce/2ec23c7bf12ed0df03cf1bf3faebd77c/podmínky-užití), as linked on the portal listing (https://data.gov.cz/zdroj/datové-sady/70106975/c8257717fdf179deab7fa169dd742800/distribuce/fd2280f79e30fa3ba8bb7f74c4ddf72c/podmínky-užití)",1,other
licence,"as linked on the portal listing (https://data.gov.cz/zdroj/datové-sady/70106975/adf21f2641511898f6fb7e6e80bcf91f/distribuce/45d294f8a0f57b133f676b95585db138/podmínky-užití), as linked on the portal listing (https://data.gov.cz/zdroj/datové-sady/70106975/e5454e33fed346135b126a6a571091e9/distribuce/569c3c14346bf9881636aec04404711a/podmínky-užití), as linked on the portal listing (https://data.gov.cz/zdroj/datové-sady/70106975/f16e1a17cc23e5d176aaa41e189e2788/distribuce/6aa5b738987a461660828712cb5fa5ef/podmínky-užití)",1,other
licence,"as linked on the portal listing (https://data.gov.cz/zdroj/datové-sady/70856508/1684867170/distribuce/0967ac9c2c105f6dee2a2892b15be0c9/podmínky-užití), as linked on the portal listing (https://data.gov.cz/zdroj/datové-sady/70856508/1684866998/distribuce/cdbc3650398e5b3c87a41d9c2d2d7e4a/podmínky-užití), as linked on the portal listing (https://data.gov.cz/zdroj/datové-sady/70856508/1617983839/distribuce/7e70a230a290e9f2792abfa5eae8dd20/podmínky-užití)",1,other
licence,"as linked on the portal listing (https://data.gov.cz/zdroj/datové-sady/70883858/51b5ec96d0e0c9845419e84ce895f557/distribuce/a3329c68a34d360ef3312ed9b7c626f5/podmínky-užití), as linked on the portal listing (https://data.gov.cz/zdroj/datové-sady/70883858/0ec3e7cd0666c24dcb874662c4ba2102/distribuce/87208a25049f7e040aaf5aa263ab769a/podmínky-užití), as linked on the portal listing (https://data.gov.cz/zdroj/datové-sady/70883858/f6259323d72849ca95885336c9ea116b/distribuce/5abf4f0a22cc343cb0ec39bdf5f6ab80/podmínky-užití)",1,other
licence,"as linked on the portal listing (https://data.gov.cz/zdroj/datové-sady/70883858/9a8782843c2607f837f4567e47b37413/distribuce/68b4934adb8132f78d2d9a18cdfded5a/podmínky-užití), as linked on the portal listing (https://data.gov.cz/zdroj/datové-sady/70883858/61eb1c6d7efebe0eac91340c5e22e6d8/distribuce/418797e80ec8eeba02c3c90c950fecac/podmínky-užití), as linked on the portal listing (https://data.gov.cz/zdroj/datové-sady/70883858/9352b87581e1979fa15a949ba3523599/distribuce/cabb8bee97317650e392ddc7bf1ce84c/podmínky-užití)",1,other
licence,as linked on the portal listing (https://data.gov.cz/zdroj/datové-sady/70888337/678042801/distribuce/b664a16647b6877c99a7131b64974727/podmínky-užití),1,other
licence,as linked on the portal listing (https://data.gov.cz/zdroj/datové-sady/70888337/678042803/distribuce/8b8d5d342d3156fd0f41e15458230347/podmínky-užití),1,other
licence,as linked on the portal listing (https://data.gov.cz/zdroj/datové-sady/70888337/678046544/distribuce/32da936ac91240ffc925a5a91ab1ce79/podmínky-užití),1,other
licence,"as linked on the portal listing (https://data.gov.cz/zdroj/datové-sady/70889546/03939ef65c016d2aa5a7564bec7b6abb/distribuce/d695d38485fefee54ff800d55614e127/podmínky-užití), as linked on the portal listing (https://data.gov.cz/zdroj/datové-sady/70889546/5d77da5661da83142c577b45e9500869/distribuce/697bed732ee2439375d96a0599f55c96/podmínky-užití), as linked on the portal listing (https://data.gov.cz/zdroj/datové-sady/70889546/f79b4f667befe89cb89757cba23e9948/distribuce/8672e965c95b4518c367c35e59933120/podmínky-užití)",1,other
licence,as linked on the portal listing (https://data.gov.cz/zdroj/datové-sady/70889546/05c03b1b313579b165a33bdf5844a6ca/distribuce/416d5053b703d22b33037f04249b7411/podmínky-užití),1,other
licence,"as linked on the portal listing (https://data.gov.cz/zdroj/datové-sady/70889546/44390a4a338c2aa536d87678109ae5ec/distribuce/966b055fd9f28c35c46990ad9777c661/podmínky-užití), as linked on the portal listing (https://data.gov.cz/zdroj/datové-sady/70889546/030a2cf82a942ecdee8ca5d0ee9e4db3/distribuce/dc0f20b7077650f762936dfd55b6b994/podmínky-užití), as linked on the portal listing (https://data.gov.cz/zdroj/datové-sady/70889546/f699c90746cb3c0ae7ca754a1f48b7c3/distribuce/d3b9a3d65f222073a26daa41e4c156ca/podmínky-užití)",1,other
licence,as linked on the portal listing (https://data.gov.cz/zdroj/datové-sady/70889546/6d065bf0aad09b7430e55705b3249aeb/distribuce/86f0fabc91809605c8cf0b750e696da4/podmínky-užití),1,other
licence,"as linked on the portal listing (https://data.gov.cz/zdroj/datové-sady/70889546/c1e9b761a60d66f11ad10147db373dd0/distribuce/355b71017d9780bab8beae6adc4923ea/podmínky-užití), as linked on the portal listing (https://data.gov.cz/zdroj/datové-sady/70889546/fd433e2ded5c585e2402bc57546ed990/distribuce/3a2af6c737a79c08ffbf3043fc468502/podmínky-užití), as linked on the portal listing (https://data.gov.cz/zdroj/datové-sady/70889546/864672f446a3390910c25d5f080cb3cc/distribuce/3a38c2906fe918a2ea7fe0bde4180b17/podmínky-užití)",1,other
licence,"as linked on the portal listing (https://data.gov.cz/zdroj/datové-sady/70889546/ff43fb256a859b839e8e2407b38e2bb8/distribuce/68c1ea62ea118e7f57d4ae46efc84e34/podmínky-užití), as linked on the portal listing (https://data.gov.cz/zdroj/datové-sady/70889546/0aaba0af2c16c7124b7626be43d580da/distribuce/d023a05c5951f1977de019b335b390af/podmínky-užití), as linked on the portal listing (https://data.gov.cz/zdroj/datové-sady/70889546/aca99a565e69dd32c7cbe58ff5614a5b/distribuce/d84530da87ad2cc4cfe70e0def19b158/podmínky-užití)",1,other
licence,as linked on the portal listing (https://data.gov.cz/zdroj/datové-sady/70890366/682179464/distribuce/7707f354153543cded27bc48dedf4a2d/podmínky-užití),1,other
licence,as linked on the portal listing (https://data.gov.cz/zdroj/datové-sady/70890650/227359046/distribuce/28315173cdd1ea983b0c3ef0d7ba9773/podmínky-užití),1,other
licence,"as linked on the portal listing (https://data.gov.cz/zdroj/datové-sady/70890650/b87ee627321ebbe3afe19ca8ad47916c/distribuce/bd157441b82ea8eec80c6c4c6fc1729b/podmínky-užití), as linked on the portal listing (https://data.gov.cz/zdroj/datové-sady/70890650/3336800cdde7b6a6b362fa38affe1387/distribuce/e76f87a304d7826f8d38521fb9876bf1/podmínky-užití), as linked on the portal listing (https://data.gov.cz/zdroj/datové-sady/70890650/b1923f6dfc0c8f50f7ee9bf1f27c7679/distribuce/60e53b2b2e6968c590de1a6c30ca6797/podmínky-užití)",1,other
licence,"as linked on the portal listing (https://data.gov.cz/zdroj/datové-sady/70890650/ee2cb18a14b85644c7718aad8eb057ba/distribuce/b1face78055acafea6b0f20b5b65c221/podmínky-užití), as linked on the portal listing (https://data.gov.cz/zdroj/datové-sady/70890650/e3bed18b9c2f4e6115e060a17c73eaaa/distribuce/2ddca76b9c39fba4d49f69c07e6cd691/podmínky-užití), as linked on the portal listing (https://data.gov.cz/zdroj/datové-sady/70890650/279eeb67b431235657ecdf398b0ec2c5/distribuce/f6da2262967fb825941fc243bd416df8/podmínky-užití)",1,other
licence,"as linked on the portal listing (https://data.gov.cz/zdroj/datové-sady/70890692/13a9d4115f56cd383bac48e36dbcc2a1/distribuce/37ef507971ac1099b25c33f7546fe832/podmínky-užití), as linked on the portal listing (https://data.gov.cz/zdroj/datové-sady/70890692/b6fe725f789d8667444a9ed817c3a839/distribuce/b8793ada88476133689b34bbf8ae1c25/podmínky-užití), as linked on the portal listing (https://data.gov.cz/zdroj/datové-sady/70890692/44a91195a41aaf50c09c4a255284edbb/distribuce/72ada3fa834b5923a74ef98ec5c9b374/podmínky-užití)",1,other
licence,"as linked on the portal listing (https://data.gov.cz/zdroj/datové-sady/70890749/558766caa54d153a04dd463e815c5d5b/distribuce/3d9ab1194a3dc9097dd1fa0915b36269/podmínky-užití), as linked on the portal listing (https://data.gov.cz/zdroj/datové-sady/70890749/da3911d9bd4c7796201c6f4795c097d4/distribuce/ee934a022e6166e37625991e7ec1f031/podmínky-užití), as linked on the portal listing (https://data.gov.cz/zdroj/datové-sady/70890749/57487bd94a0de3653f6034ea06d5f9f8/distribuce/08533bbd505c9df54424a6e848f537a8/podmínky-užití)",1,other
licence,"as linked on the portal listing (https://data.gov.cz/zdroj/datové-sady/70890749/da34451d0c18f07493770c3bf9085e58/distribuce/17c816a99760dbba7551ae9a8796c8b6/podmínky-užití), as linked on the portal listing (https://data.gov.cz/zdroj/datové-sady/70890749/cf00b4d6ef6dda8b560809b4910026bc/distribuce/a98870905b418274fa0807eab7b462c8/podmínky-užití), as linked on the portal listing (https://data.gov.cz/zdroj/datové-sady/70890749/4b33fd5b455ce51426d69c628db90031/distribuce/ed49bb3fb1347e2b44f888ea64b73574/podmínky-užití)",1,other
licence,"as linked on the portal listing (https://data.gov.cz/zdroj/datové-sady/70890749/da5b87d99e5dcc4e29371ac8e3266556/distribuce/e3dec31a2f46573f138b3589fd6f2e11/podmínky-užití), as linked on the portal listing (https://data.gov.cz/zdroj/datové-sady/70890749/dea3bbf790b891d2a95b9a9ddb94ada5/distribuce/0d61f5d3eb9ec4f43f35dfeeabc7355d/podmínky-užití), as linked on the portal listing (https://data.gov.cz/zdroj/datové-sady/70890749/669b37df14c28a9a0c47d1e7bba9b7c9/distribuce/b941ed64ea643f933f3521aad5b411bd/podmínky-užití)",1,other
licence,as linked on the portal listing (https://data.gov.cz/zdroj/datové-sady/70891095/1739251932/distribuce/a96977781ac5a0fcb730afd7c032feb4/podmínky-užití),1,other
licence,as linked on the portal listing (https://data.gov.cz/zdroj/datové-sady/70891168/d55f9e857d4be6eacec750c2771596c0/distribuce/f7ca1ce808ee8473647157b4868356ad/podmínky-užití),1,other
licence,as linked on the portal listing (https://data.gov.cz/zdroj/datové-sady/70891168/d8a1809eda2ad961cd7cb9cbae0c87e4/distribuce/6fbcd6c5fb748c1e265f0a178119519a/podmínky-užití),1,other
licence,"as linked on the portal listing (https://data.gov.cz/zdroj/datové-sady/70891508/7c52b8e0c60b660d206d719f83e3eb43/distribuce/fa979454f13cd60b4b2685246fe27a73/podmínky-užití), as linked on the portal listing (https://data.gov.cz/zdroj/datové-sady/70891508/1d1873d5745d73c99be009f705c1130f/distribuce/2e37e380251a55cde04decfeb3099768/podmínky-užití), as linked on the portal listing (https://data.gov.cz/zdroj/datové-sady/70891508/0ff6f76bc5ed82003c67223c359f7c76/distribuce/4df1a894efc4fd530a60a06e15ecfb71/podmínky-užití)",1,other
licence,"as linked on the portal listing (https://data.gov.cz/zdroj/datové-sady/70891508/f1a2e9c101d97e8538fedabeedf310c4/distribuce/b177b9f8c2ae2f61f9d3e795775041e6/podmínky-užití), as linked on the portal listing (https://data.gov.cz/zdroj/datové-sady/70891508/77ab080b935ba74dda4f9cefc1a29e33/distribuce/b0b80bf5ab516bd56b4f3f9031bf97d7/podmínky-užití), as linked on the portal listing (https://data.gov.cz/zdroj/datové-sady/70891508/651d1ecf37ece9ac4d6abfaf6a3ce65a/distribuce/efc529c89b03f191c503f198d427fa9c/podmínky-užití)",1,other
licence,as linked on the portal listing (https://data.gov.cz/zdroj/datové-sady/70892156/1fdd8e72bedfc2cf53c322f799937ef3/distribuce/774363d4facde16c554f97b586a83819/podmínky-užití),1,other
licence,as linked on the portal listing (https://data.gov.cz/zdroj/datové-sady/70892156/4baf610f16b0b64976a0ffdd34a9880e/distribuce/d12c56bdf39bc0c1564a282db5ed68f1/podmínky-užití),1,other
licence,"as linked on the portal listing (https://data.gov.cz/zdroj/datové-sady/70894451/1713221783/distribuce/616c9ca2e4e48767f07f795732cb0ef2/podmínky-užití), as linked on the portal listing (https://data.gov.cz/zdroj/datové-sady/70894451/1713221781/distribuce/26315ee27ef8e9c56094434f263c410c/podmínky-užití), as linked on the portal listing (https://data.gov.cz/zdroj/datové-sady/70894451/1713221860/distribuce/ec82afee3a647162b9f5b472b2fb4f43/podmínky-užití)",1,other
licence,as linked on the portal listing (https://data.gov.cz/zdroj/datové-sady/inventární-seznam/agendy/A1181/subjekty-a-objekty-údajů/1181-1/distribuce/1/podmínky-užití),1,other
licence,"as linked on the portal listing (https://data.gov.cz/zdroj/datové-sady/inventární-seznam/agendy/A1181/subjekty-a-objekty-údajů/1181-10/distribuce/1/podmínky-užití), as linked on the portal listing (https://data.gov.cz/zdroj/datové-sady/inventární-seznam/agendy/A1042/subjekty-a-objekty-údajů/1042-1/distribuce/1/podmínky-užití), as linked on the portal listing (https://data.gov.cz/zdroj/datové-sady/inventární-seznam/agendy/A1042/subjekty-a-objekty-údajů/1042-11/distribuce/1/podmínky-užití)",1,other
licence,as linked on the portal listing (https://data.gov.cz/zdroj/datové-sady/inventární-seznam/agendy/A1181/subjekty-a-objekty-údajů/1181-16/distribuce/1/podmínky-užití),1,other
licence,as linked on the portal listing (https://data.gov.cz/zdroj/datové-sady/inventární-seznam/agendy/A124/subjekty-a-objekty-údajů/124-15/distribuce/1/podmínky-užití),1,other
licence,"as linked on the portal listing (https://data.gov.cz/zdroj/datové-sady/inventární-seznam/agendy/A684/subjekty-a-objekty-údajů/684-102/distribuce/1/podmínky-užití), as linked on the portal listing (https://data.gov.cz/zdroj/datové-sady/inventární-seznam/agendy/A684/subjekty-a-objekty-údajů/684-124/distribuce/1/podmínky-užití), as linked on the portal listing (https://data.gov.cz/zdroj/datové-sady/inventární-seznam/agendy/A684/subjekty-a-objekty-údajů/684-150/distribuce/1/podmínky-užití)",1,other
licence,"as linked on the portal listing (https://data.gov.cz/zdroj/datové-sady/inventární-seznam/agendy/A684/subjekty-a-objekty-údajů/684-153/distribuce/1/podmínky-užití), as linked on the portal listing (https://data.gov.cz/zdroj/datové-sady/inventární-seznam/agendy/A1181/subjekty-a-objekty-údajů/1181-11/distribuce/1/podmínky-užití), as linked on the portal listing (https://data.gov.cz/zdroj/datové-sady/inventární-seznam/agendy/A684/subjekty-a-objekty-údajů/684-117/distribuce/1/podmínky-užití)",1,other
licence,as linked on the portal listing (https://data.gov.cz/zdroj/datové-sady/inventární-seznam/agendy/A684/subjekty-a-objekty-údajů/684-87/distribuce/1/podmínky-užití),1,other
licence,as linked on the portal listing (https://datos.gob.es/es/aviso-legal),1,other
licence,as linked on the portal listing (https://datos.lorca.es/avisolegal),1,other
licence,as linked on the portal listing (https://downloads.rijkswaterstaatdata.nl/pdf-documenten/Geogedeeld-licentie-rijkswaterstaat.pdf),1,other
licence,as linked on the portal listing (https://geoportal.cuzk.gov.cz/Dokumenty/Podminky.pdf),1,other
licence,as linked on the portal listing (https://puertos.sede.gob.es/Aviso-legal),1,other
licence,as linked on the portal listing (https://sede.serviciosmin.gob.es/es-ES/Paginas/aviso.aspx#Reutilizacion),1,other
licence,"as linked on the portal listing (https://www.apmotril.com/aviso-legal-datos-abiertos), as linked on the portal listing (http://www.apmotril.com/aviso-legal-datos-abiertos)",1,other
licence,as linked on the portal listing (https://www.geonorge.no/Geodataarbeid/Norge-digitalt/Avtaler-og-maler/Norge-digitalt-lisens/),1,other
licence,"as linked on the portal listing (https://www.geonorge.no/Geodataarbeid/Norge-digitalt/Avtaler-og-maler/Norge-digitalt-lisens/), as linked on the portal listing (https://www.kartverket.no/geodataarbeid/norge-digitalt/partsinformasjon/avtaler-og-vilkar/norge-digitalt-lisens)",1,other
licence,"as linked on the portal listing (https://www.geonorge.no/Geodataarbeid/geografisk-infrastruktur/Norge-digitalt/Avtaler-og-maler/Norge-digitalt-lisens/), as linked on the portal listing (https://www.kartverket.no/geodataarbeid/norge-digitalt/partsinformasjon/avtaler-og-vilkar/norge-digitalt-lisens)",1,other
licence,as linked on the portal listing (https://www.gesetze-im-internet.de/geonutzv),1,other
licence,as linked on the portal listing (https://www.jcyl.es/licencia-IGCYL-NC),1,other
licence,as linked on the portal listing (https://www.mapa.gob.es/en/atencion-al-ciudadano/aviso-legal.aspx),1,other
licence,as linked on the portal listing (https://www.meteo.cat/wpweb/avis-legal),1,other
licence,as linked on the portal listing (https://www.norsar.no/getfile.php/139126-1585254232/norsar.no/Services/NORSAR-brukervilk%C3%A5r-soneringskart.pdf),1,other
licence,as linked on the portal listing (https://www.puertodemelilla.es/index.php/autoridad-portuaria/aviso-legal),1,other
licence,as linked on the portal listing (https://www.trafiklab.se/api/gtfs-sverige-2/licens),1,other
licence,"as linked on the portal listing (https://www.trafiklab.se/api/sl-hallplatser-och-linjer-2/licens), as linked on the portal listing (https://www.trafiklab.se/api/sl-narliggande-hallplatser/licens), as linked on the portal listing (https://www.trafiklab.se/api/sl-narliggande-hallplatser-2/licens)",1,other
licence,as linked on the portal listing (https://www.trafiklab.se/api/sl-trafiklaget-2/licens),1,other
licence,cc-at-3,1,other
licence,cc_zero_1,1,other
licence,http://rightsstatements.org/page/InC-NC/1.0/,1,other
licence,no fees or access constraints stated in the service metadata,1,other
licence,"stated as ""When using these data please cite both the network owners, identified by network code, and NSF's NGF facility operated by EarthScope."" on the registry page",1,other
licence,"stated as ""https://github.com/openEDI/documentation/blob/master/US_Wave.md"" on the registry page",1,other
licence,use and modify with a visible reference to the original author and university (info tab),1,other
licence,Лиценцата не е наведена,1,other
licence,公共データ利用規約（第1.0版),1,other
maturity,not_stated,6400,?
spatial_resolution,Alberta; source-defined breakdown is described above,69,other
spatial_resolution,Alberta; details stated in the description,7,other
spatial_resolution,Polyline infrastructure geometry; positional accuracy not independently verified,6,other
spatial_resolution,Alberta guidance context; more precise coverage stated where available,4,other
spatial_resolution,electricity subsystems,4,other
spatial_resolution,Synthetic routing instances; no physical geographic extent stated,3,other
spatial_resolution,"Antananarivo, Madagascar",2,other
spatial_resolution,subsystem groups,2,other
spatial_resolution,1-second,1,other
spatial_resolution,28 pre-Brexit European Union capitals,1,other
spatial_resolution,Administrative levels 1 to 3 (GADM 2018),1,other
spatial_resolution,"Aerial image, DSM and DTM tiles of one test area",1,other
spatial_resolution,Alberta; page-sized maps; map scale unstated,1,other
spatial_resolution,Alicante inner and outer harbours,1,other
spatial_resolution,"Area of interest, from satellite imagery (very high resolution optical and SAR)",1,other
spatial_resolution,"Atlántico, Colombia; October 2020 reference snapshot",1,other
spatial_resolution,BESTEST Case 900 benchmark under Sofia climate,1,other
spatial_resolution,"Bangladesh, Egypt, India, Myanmar and Nigeria; quarterly recall surveys in 2021",1,other
spatial_resolution,"Beijing, China; the study's spatial scenarios",1,other
spatial_resolution,Brazilian census-sector observations with administrative identifiers.,1,other
spatial_resolution,"CTAG proving grounds, Spain",1,other
spatial_resolution,"Cape Maclear, Malawi; November and December 2023",1,other
spatial_resolution,"Caribbean Netherlands total and each island (Bonaire GM9001, Sint Eustatius GM9002, Saba GM9003)",1,other
spatial_resolution,Centimetre-level HD maps; lidar and camera frames,1,other
spatial_resolution,"Chassieu near Lyon, France, during May2023",1,other
spatial_resolution,"Chassieu stormwater outlet, Lyon, from30May to31December2022, plus2023 comparison samples",1,other
spatial_resolution,Clarkson University student housing,1,other
spatial_resolution,"DNW high-pressure wind tunnel, Göttingen; DU00-W-212 airfoil",1,other
spatial_resolution,DTU outdoor wall and beam-end test stand,1,other
spatial_resolution,Deployment level,1,other
spatial_resolution,"Desk-based Danish, Latvian and Italian cases; life-cycle calculations for an Italian case",1,other
spatial_resolution,"Dhaka, Bangladesh; one simulated year",1,other
spatial_resolution,"Distal Zackenberg River, northeast Greenland; very-high-resolution surveys",1,other
spatial_resolution,Drone orthoimagery of camp areas,1,other
spatial_resolution,Emergency communication centre,1,other
spatial_resolution,Experimental monitoring setups; normal and anomalous storage or transport conditions,1,other
spatial_resolution,Fire and rescue authority,1,other
spatial_resolution,Follows LiDAR or SRTM terrain,1,other
spatial_resolution,Forces per facade panel apportioned to each floor of the scale model,1,other
spatial_resolution,Four major urban agglomerations in China,1,other
spatial_resolution,"Full TIGER detail, served by scale",1,other
spatial_resolution,Generic urban textile-waste scenarios,1,other
spatial_resolution,Generic waste-inventory calculations; IPCC 2006 default factors,1,other
spatial_resolution,"Greater Suva, Fiji; urban organic-waste scenarios",1,other
spatial_resolution,"Hay on the Murrumbidgee River, southeastern Australia",1,other
spatial_resolution,"Helmond–Eindhoven corridor, Automotive Campus and A270",1,other
spatial_resolution,High Mountain Asia,1,other
spatial_resolution,"Hurricane Harvey landfall area near Corpus Christi, Texas",1,other
spatial_resolution,Image crops of asphalt pavement,1,other
spatial_resolution,KU Leuven hotbox/coldbox wall and beam-end test stand,1,other
spatial_resolution,Kilometre scale,1,other
spatial_resolution,Labels for 31-cm native and 15.5-cm HD image chips,1,other
spatial_resolution,London,1,other
spatial_resolution,Material classes rather than a geographic sample.,1,other
spatial_resolution,"Monthly quantities by year, waste type and CER code",1,other
spatial_resolution,NHS provider trusts,1,other
spatial_resolution,NUTS-2,1,other
spatial_resolution,"Nigeria, Kenya and South Africa",1,other
spatial_resolution,"Northern and central Ethiopia; 8,281 assemblages, approximately 40 percent relocated",1,other
spatial_resolution,"One demonstration residence in Davis, California.",1,other
spatial_resolution,One façade module in an outdoor test cell,1,other
spatial_resolution,One logistics enterprise in Vietnam,1,other
spatial_resolution,One solar façade at the TalTech Residential DC Innovation Hub,1,other
spatial_resolution,Pedra do Sal and Beberibe coastal wind farms,1,other
spatial_resolution,"Per device and room, with floor",1,other
spatial_resolution,Per image,1,other
spatial_resolution,"Poland, urban and rural areas, and 16 voivodships",1,other
spatial_resolution,"Praza do Rei parking, Vigo; indoor LiDAR positioning",1,other
spatial_resolution,"Public Use Microdata Area (PUMA), about 100,000 people",1,other
spatial_resolution,Public space design patterns,1,other
spatial_resolution,Respondent level,1,other
spatial_resolution,Room,1,other
spatial_resolution,Sales area and distributor,1,other
spatial_resolution,Satellite tracks around Australasia and Pacific islands,1,other
spatial_resolution,Scene-specific; not a single resolution stated in the dataset card,1,other
spatial_resolution,Sentinel-1 derived alerts,1,other
spatial_resolution,ShakeMap grids for each scenario,1,other
spatial_resolution,Simulated optical connections,1,other
spatial_resolution,Single inspection frame,1,other
spatial_resolution,"Southern China coast; provider coverage includes Hong Kong, Macau and Taiwan",1,other
spatial_resolution,Speedtest tile (about 600 m2),1,other
spatial_resolution,"Stanley, East Falkland camp, West Falkland camp, surrounding islands (and MPC for population tables)",1,other
spatial_resolution,Store and agency (anonymised),1,other
spatial_resolution,Study-specific process and uncertainty scenarios,1,other
spatial_resolution,Surveyed community,1,other
spatial_resolution,Synthetic EPANET Net3 topology.,1,other
spatial_resolution,Synthetic or modified instances for a Master's thesis,1,other
spatial_resolution,Synthetic two-echelon supply-chain scenarios,1,other
spatial_resolution,Synthetic waste-collection routing instances,1,other
spatial_resolution,"Tanjombato, Antananarivo, Madagascar; February to April 2026",1,other
spatial_resolution,"Taranto Valley and eastern Taranto Gulf, Ionian Sea, southern Italy",1,other
spatial_resolution,"Three intersections in Ingolstadt, Germany.",1,other
spatial_resolution,Three-dimensional pressure-driven atmospheric boundary layer,1,other
spatial_resolution,Tweets geolocated within Colombia,1,other
spatial_resolution,"Two bearing specimens per test, scanned on both sides",1,other
spatial_resolution,Urban settlements,1,other
spatial_resolution,Waste class,1,other
spatial_resolution,"Winnipeg, Canada; calls from 2015 onward",1,other
spatial_resolution,administrative levels 0 to 2 (FAO GAUL),1,other
spatial_resolution,"aerodromes, navaids and airways",1,other
spatial_resolution,aircraft position,1,other
spatial_resolution,alarm tag,1,other
spatial_resolution,areas of England,1,other
spatial_resolution,atoll and island,1,other
spatial_resolution,atoll for drinking water (with Male' and administrative islands); island for living quarters and rooms; island charts in atoll profiles,1,other
spatial_resolution,balancing authority (54),1,other
spatial_resolution,carrier,1,other
spatial_resolution,carrier and study area,1,other
spatial_resolution,commodity,1,other
spatial_resolution,complaint,1,other
spatial_resolution,component or test article,1,other
spatial_resolution,data centre archetype,1,other
spatial_resolution,detector,1,other
spatial_resolution,detector sections,1,other
spatial_resolution,device,1,other
spatial_resolution,drillhole collars,1,other
spatial_resolution,drone survey (centimetre to decimetre scale),1,other
spatial_resolution,every NHDPlus version 2 flowline,1,other
spatial_resolution,expressway sections,1,other
spatial_resolution,farm,1,other
spatial_resolution,farm and device,1,other
spatial_resolution,farm holding,1,other
spatial_resolution,freeway mileposts by direction,1,other
spatial_resolution,hexagonal cells (about 32 million for England),1,other
spatial_resolution,highway mileposts; island DEMs,1,other
spatial_resolution,hydropower spill classification,1,other
spatial_resolution,implementing jurisdiction and affected trading partners,1,other
spatial_resolution,industrial estate (plan area),1,other
spatial_resolution,installation and NUTS-2,1,other
spatial_resolution,institution,1,other
spatial_resolution,institution and branch,1,other
spatial_resolution,irrigation bodies and schemes,1,other
spatial_resolution,"island (Mwali, Ndzuwani, Ngazidja) and urban or rural area in the report; enumeration area is the lowest level in the microdata",1,other
spatial_resolution,legal entity,1,other
spatial_resolution,"licensed service area (telecom circle), provider",1,other
spatial_resolution,major residential area and census enumeration area,1,other
spatial_resolution,measure and risk factor,1,other
spatial_resolution,mineral particle,1,other
spatial_resolution,multiple scales (maps and graphs),1,other
spatial_resolution,named systemic electricity flows,1,other
spatial_resolution,none (guidance),1,other
spatial_resolution,none (synthetic population),1,other
spatial_resolution,one simulated fermenter,1,other
spatial_resolution,packet and device,1,other
spatial_resolution,park,1,other
spatial_resolution,participating service providers,1,other
spatial_resolution,participating water and sanitation providers,1,other
spatial_resolution,path level,1,other
spatial_resolution,"per Whitebox, de-identified",1,other
spatial_resolution,per observatory,1,other
spatial_resolution,per satellite,1,other
spatial_resolution,planetary index,1,other
spatial_resolution,policy,1,other
spatial_resolution,process type,1,other
spatial_resolution,production jobs,1,other
spatial_resolution,project,1,other
spatial_resolution,project and corridor,1,other
spatial_resolution,property,1,other
spatial_resolution,provider and affected area,1,other
spatial_resolution,provider and service,1,other
spatial_resolution,refinery fenceline monitor,1,other
spatial_resolution,river kilometre,1,other
spatial_resolution,river reaches and coastal areas designated in the preliminary flood risk assessment; map sheets,1,other
spatial_resolution,sample,1,other
spatial_resolution,satellite,1,other
spatial_resolution,sector (4-digit ISIC),1,other
spatial_resolution,sector (pseudonymised),1,other
spatial_resolution,service,1,other
spatial_resolution,service area,1,other
spatial_resolution,several geographic summary levels (not listed on the page read),1,other
spatial_resolution,ship track positions,1,other
spatial_resolution,shipment and bill of lading level,1,other
spatial_resolution,shipment records,1,other
spatial_resolution,sidewalk and crossing edges,1,other
spatial_resolution,silo,1,other
spatial_resolution,single conveyor,1,other
spatial_resolution,test specimen,1,other
spatial_resolution,the Dübendorf experimental sewer in Switzerland; January and April–May2019 are identified,1,other
spatial_resolution,transaction,1,other
spatial_resolution,"transit agency, mode and urbanised area",1,other
spatial_resolution,urban centres,1,other
spatial_resolution,video frames from 66 scenes,1,other
temporal_resolution,not_stated,249,other
temporal_resolution,Frequency-domain station summaries,3,other
temporal_resolution,Modelled summer conditions; 04:00 nighttime and 14:00 daytime fields,3,other
temporal_resolution,2 m grid,2,other
temporal_resolution,"Before, during and after one flood",2,other
temporal_resolution,Frequency and horizontal rotation angle,2,other
temporal_resolution,Simulation time steps,2,other
temporal_resolution,simulation step,2,other
temporal_resolution,1minute,1,other
temporal_resolution,2minutes for2022 series,1,other
temporal_resolution,Area-storage-depth profiles,1,other
temporal_resolution,Building-level assessment,1,other
temporal_resolution,Building-level labels and images,1,other
temporal_resolution,Commissioning date per installation,1,other
temporal_resolution,Country indicator and trend values; exact time steps unchecked,1,other
temporal_resolution,Deployment rotations,1,other
temporal_resolution,Designation records,1,other
temporal_resolution,Electromagnetic transient time steps,1,other
temporal_resolution,Entity-level semantic statements,1,other
temporal_resolution,Facility and system-level inventory,1,other
temporal_resolution,"Full and small sets of component, road, path, user-map and demand-point JSON files.",1,other
temporal_resolution,Full-scale time series; sample interval not checked,1,other
temporal_resolution,Harmonic constants estimated from gauge time series,1,other
temporal_resolution,Historical aerial acquisitions,1,other
temporal_resolution,Historical model timesteps,1,other
temporal_resolution,Hydrogeological unit polygons and linear features,1,other
temporal_resolution,Image samples,1,other
temporal_resolution,Mapped impervious-surface development history,1,other
temporal_resolution,Mapped individual landslides; exact polygon precision unverified,1,other
temporal_resolution,Metadata entries rather than a common observation interval.,1,other
temporal_resolution,Monitoring time series (interval in files),1,other
temporal_resolution,"Nine multifamily building archetypes across five renovation states, with measure-level costs and simulated effects.",1,other
temporal_resolution,One New York City ZIP code per row; 311 rows.,1,other
temporal_resolution,One adult emergency-department visit per row.,1,other
temporal_resolution,PLC history record,1,other
temporal_resolution,Platform features and inferred installation/removal dates,1,other
temporal_resolution,Published flood evidence records,1,other
temporal_resolution,RF samples,1,other
temporal_resolution,Reservoir and catchment attributes plus time series,1,other
temporal_resolution,Resource-level metadata.,1,other
temporal_resolution,Response,1,other
temporal_resolution,Road segment,1,other
temporal_resolution,"Route, stop and stop-time level where provided in GTFS; timetables are explicitly unreliable.",1,other
temporal_resolution,Sample locations and repeated validation sets,1,other
temporal_resolution,Sample points along four designed paths and one random-roaming set.,1,other
temporal_resolution,Seismic attributes along well trajectories,1,other
temporal_resolution,Seismic profile and exploration-well observations; precise trace spacing unverified,1,other
temporal_resolution,Selectable periods,1,other
temporal_resolution,Selected acquisitions,1,other
temporal_resolution,Selected dates,1,other
temporal_resolution,Selected image acquisitions,1,other
temporal_resolution,Sensor-dependent; exact sampling unverified,1,other
temporal_resolution,Sentinel-1 revisit,1,other
temporal_resolution,Service calendars and time windows,1,other
temporal_resolution,Seven boreholes; detailed geophysical logs for two,1,other
temporal_resolution,Simulation outputs (resolution in database),1,other
temporal_resolution,Spectrogram and IQ samples; full FFT/crop settings documented in repository.,1,other
temporal_resolution,"Station and origin-destination input tables, including 30–50–20 temporal arrival shares.",1,other
temporal_resolution,Updated as Members change entries,1,other
temporal_resolution,Updated periodically,1,other
temporal_resolution,aggregate over the collection period,1,other
temporal_resolution,alert composites per period,1,other
temporal_resolution,bi-temporal,1,other
temporal_resolution,"by commune, and by district for Luxembourg City",1,other
temporal_resolution,"by district, cycle, irrigation mode and crop",1,other
temporal_resolution,by licence date,1,other
temporal_resolution,"by road, municipality and province",1,other
temporal_resolution,climatological periods,1,other
temporal_resolution,connection record,1,other
temporal_resolution,high-rate scintillation indices,1,other
temporal_resolution,inspection,1,other
temporal_resolution,instrument native,1,other
temporal_resolution,log intervals as stated in the paper,1,other
temporal_resolution,message timestamps,1,other
temporal_resolution,meter logging intervals,1,other
temporal_resolution,orbit-averaged; space weather indices at their native cadence,1,other
temporal_resolution,order,1,other
temporal_resolution,period,1,other
temporal_resolution,periodic assessments,1,other
temporal_resolution,periodic extracts,1,other
temporal_resolution,periodic monitoring,1,other
temporal_resolution,periodic updates,1,other
temporal_resolution,permit issue dates,1,other
temporal_resolution,plan,1,other
temporal_resolution,plant level; discharge time series,1,other
temporal_resolution,policy decision date,1,other
temporal_resolution,policy document (dated),1,other
temporal_resolution,project,1,other
temporal_resolution,raw samples,1,other
temporal_resolution,raw samples (MHz sampling),1,other
temporal_resolution,reporting periods set by the Safe Drinking Water Act,1,other
temporal_resolution,reporting reference dates within each exercise,1,other
temporal_resolution,return periods,1,other
temporal_resolution,revised as the network changes,1,other
temporal_resolution,sample level,1,other
temporal_resolution,scan,1,other
temporal_resolution,scan and traffic capture,1,other
temporal_resolution,"sensor time series (level, flow, power) and radar rainfall",1,other
temporal_resolution,simulation time steps,1,other
temporal_resolution,spectrum capture,1,other
temporal_resolution,staged interventions,1,other
temporal_resolution,submission,1,other
temporal_resolution,telemetry sampling of each channel,1,other
temporal_resolution,temporal availability of waste heat per site,1,other
temporal_resolution,termly,1,other
temporal_resolution,two dates,1,other
temporal_resolution,two periods,1,other
temporal_resolution,video frames,1,other
update_frequency,not_stated,2058,other
update_frequency,real_time,416,other
update_frequency,several_per_year,159,other
update_frequency,sub_daily,90,other
update_frequency,multi_year,70,other
update_frequency,other,10,other
