raw_value,records,mapped,rule
not_stated,2058,other,fallback_other
irregular,816,irregular,keyword
not_updated,799,irregular,keyword
annual,544,annual,keyword
real_time,416,other,fallback_other
weekly,219,weekly,keyword
monthly,183,monthly,keyword
daily,168,daily,keyword
several_per_year,159,other,fallback_other
sub_daily,90,other,fallback_other
multi_year,70,other,fallback_other
varies,33,varies,keyword
other,10,other,fallback_other
not stated,8,not_stated,not_stated
unknown,3,not_stated,not_stated
Monthly,2,monthly,keyword
Five-minute sampling stated; continuing updates not established,1,real_time,keyword
